<?xml version="1.0" encoding="UTF-8"?>
<configuration>
	<include
		resource="org/springframework/boot/logging/logback/defaults.xml" />
	<statusListener
		class="ch.qos.logback.core.status.NopStatusListener" />

	<appender name="PAPERTRAIL"
		class="ch.qos.logback.classic.net.SyslogAppender">
		<syslogHost>logs.papertrailapp.com</syslogHost>
		<port>54824</port>
		<facility>USER</facility>
		<suffixPattern>%clr(%d{yyyy-MM-dd HH:mm:ss.SSS}){faint} %clr(${LOG_LEVEL_PATTERN:-%5p}) %clr(${PID:- }){magenta} %clr(---){faint} %clr([%15.15t]){faint} %clr(%-40.40logger{39}){cyan} %clr(:){faint} %m%n${LOG_EXCEPTION_CONVERSION_WORD:-%wEx}</suffixPattern>
	</appender>

	<appender name="STDOUT"
		class="ch.qos.logback.core.ConsoleAppender">
		<layout class="ch.qos.logback.classic.PatternLayout">
			<Pattern>%d{yyyy-MM-dd HH:mm:ss} %-5level %logger{36} - %msg%n
			</Pattern>
		</layout>
	</appender>

	<appender name="FILE"
		class="ch.qos.logback.core.rolling.RollingFileAppender">
		<encoder>
			<pattern>%d{yyyy-MM-dd HH:mm:ss} %-5level %logger{36} - %msg%n
			</pattern>
		</encoder>
		<file>./logs/@artifactId@.log</file>
		<rollingPolicy
			class="ch.qos.logback.core.rolling.FixedWindowRollingPolicy">
			<fileNamePattern>./logs/@artifactId@.%i.log</fileNamePattern>
			<minIndex>1</minIndex>
			<maxIndex>30</maxIndex>
		</rollingPolicy>
		<triggeringPolicy
			class="ch.qos.logback.core.rolling.SizeBasedTriggeringPolicy">
			<MaxFileSize>10MB</MaxFileSize>
		</triggeringPolicy>
	</appender>

	<logger name="org.springframework" level="INFO"
		additivity="false">
		<appender-ref ref="STDOUT" />
		<appender-ref ref="FILE" />
	</logger>
	<logger name="com.zaxxer.hikari" level="INFO" additivity="false">
		<appender-ref ref="STDOUT" />
		<appender-ref ref="FILE" />
	</logger>
	<logger name="org.hibernate" level="INFO" additivity="false">
		<appender-ref ref="STDOUT" />
		<appender-ref ref="FILE" />
	</logger>
	<logger name="org.jboss" level="INFO" additivity="false">
		<appender-ref ref="STDOUT" />
		<appender-ref ref="FILE" />
	</logger>
	<logger name="io.undertow" level="INFO" additivity="false">
		<appender-ref ref="STDOUT" />
		<appender-ref ref="FILE" />
	</logger>
	<logger name="org.xnio" level="INFO" additivity="false">
		<appender-ref ref="STDOUT" />
		<appender-ref ref="FILE" />
	</logger>
	<logger name="org.apache.http" level="INFO" additivity="false">
		<appender-ref ref="STDOUT" />
		<appender-ref ref="FILE" />
	</logger>
	<logger name="br.com.sgt" level="DEBUG" additivity="false">
		<appender-ref ref="STDOUT" />
		<appender-ref ref="FILE" />
	</logger>
	<logger name="org.apache.commons.beanutils" level="OFF"
		additivity="false">
		<appender-ref ref="STDOUT" />
		<appender-ref ref="FILE" />
	</logger>
	<logger name="com.querydsl.jpa.impl" level="INFO"
		additivity="false">
		<appender-ref ref="STDOUT" />
		<appender-ref ref="FILE" />
	</logger>
	<root level="INFO">
		<appender-ref ref="STDOUT" />
		<appender-ref ref="FILE" />
		<appender-ref ref="PAPERTRAIL" />
	</root>
</configuration>
